episode_id,cluster_kmeans
1,4
2,7
3,3
4,3
5,7
6,3
7,3
8,3
9,3
10,3
11,3
12,3
13,3
14,3
15,3
16,3
17,3
18,3
19,3
20,3
21,3
22,3
23,3
24,3
25,3
26,3
27,3
28,3
29,3
30,3
31,3
32,3
33,3
34,3
35,3
36,3
37,3
38,3
39,3
40,3
41,3
42,3
43,3
44,3
45,3
46,3
47,6
48,3
49,3
50,3
51,3
52,3
53,3
54,3
55,3
56,3
57,3
58,5
59,6
60,3
61,3
62,3
63,3
64,3
65,3
66,3
67,3
68,3
69,3
70,3
71,3
72,3
73,3
74,3
75,3
76,3
77,3
78,3
79,3
80,3
81,3
82,3
83,3
84,3
85,6
86,3
87,3
88,3
89,3
90,3
91,3
92,3
93,3
94,3
95,3
96,3
97,3
98,3
99,3
100,3
101,3
102,3
103,3
104,3
105,3
106,3
107,3
108,7
109,3
110,3
111,3
112,3
113,3
114,3
115,3
116,3
117,3
118,3
119,3
120,3
121,3
122,3
123,3
124,3
125,3
126,3
127,3
128,3
129,3
130,3
131,3
132,3
133,3
134,3
135,3
136,4
137,4
138,3
139,3
140,3
141,3
142,3
143,0
144,3
145,3
146,3
147,3
148,3
149,3
150,3
151,3
152,3
153,3
154,3
155,3
156,3
157,3
158,3
159,3
160,3
161,3
162,3
163,3
164,3
165,3
166,7
167,3
168,7
169,3
170,3
171,3
172,3
173,3
174,3
175,3
176,3
177,3
178,5
179,3
180,3
181,3
182,3
183,3
184,3
185,3
186,3
187,3
188,3
189,3
190,3
191,3
192,6
193,3
194,5
195,3
196,3
197,3
198,3
199,6
200,3
201,3
202,3
203,3
204,3
205,3
206,4
207,3
208,3
209,4
210,3
211,3
212,4
213,3
214,3
215,3
216,3
217,3
218,3
219,6
220,5
221,6
222,5
223,5
224,2
225,5
226,2
227,5
228,7
229,0
230,0
231,5
232,0
233,0
234,5
235,5
236,6
237,2
238,2
239,4
240,6
241,5
242,0
243,3
244,5
245,5
246,0
247,6
248,7
249,3
250,7
251,2
252,2
253,6
254,5
255,0
256,3
257,3
258,3
259,5
260,3
261,2
262,5
263,5
264,5
265,5
266,0
267,5
268,0
269,2
270,0
271,5
272,0
273,7
274,5
275,2
276,7
277,5
278,0
279,0
280,0
281,5
282,0
283,2
284,7
285,2
286,5
287,5
288,5
289,0
290,0
291,2
292,7
293,0
294,7
295,2
296,7
297,5
298,5
299,2
300,0
301,5
302,0
303,5
304,0
305,5
306,4
307,7
308,0
309,5
310,2
311,5
312,2
313,6
314,7
315,0
316,6
317,5
318,5
319,0
320,5
321,0
322,3
323,3
324,5
325,5
326,0
327,5
328,5
329,4
330,6
331,6
332,7
333,6
334,4
335,5
336,5
337,5
338,5
339,5
340,5
341,3
342,3
343,5
344,6
345,2
346,0
347,6
348,5
349,5
350,3
351,0
352,3
353,3
354,4
355,5
356,5
357,5
358,5
359,2
360,6
361,5
362,2
363,2
364,4
365,2
366,4
367,5
368,6
369,4
370,5
371,2
372,5
373,2
374,2
375,4
376,6
377,6
378,5
379,0
380,5
381,5
382,7
383,0
384,0
385,3
386,3
387,3
388,5
389,6
390,6
391,0
392,0
393,0
394,5
395,5
396,5
397,5
398,5
399,5
400,6
401,6
402,5
403,6
404,6
405,4
406,6
407,6
408,6
409,5
410,0
411,7
412,0
413,5
414,6
415,6
416,5
417,6
418,6
419,2
420,2
421,5
422,2
423,6
424,6
425,2
426,2
427,2
428,4
429,4
430,2
431,5
432,6
433,5
434,0
435,0
436,4
437,5
438,0
439,5
440,5
441,0
442,5
443,5
444,0
445,2
446,7
447,0
448,5
449,5
450,7
451,5
452,2
453,2
454,5
455,2
456,7
457,5
458,6
459,6
460,6
461,5
462,2
463,5
464,5
465,5
466,6
467,5
468,2
469,7
470,5
471,2
472,0
473,7
474,7
475,0
476,5
477,6
478,6
479,4
480,6
481,5
482,5
483,2
484,5
485,2
486,2
487,2
488,2
489,6
490,2
491,6
492,7
493,0
494,6
495,0
496,0
497,0
498,0
499,0
500,0
501,3
502,0
503,0
504,3
505,5
506,5
507,0
508,0
509,2
510,6
511,7
512,6
513,7
514,4
515,6
516,5
517,2
518,5
519,5
520,2
521,6
522,7
523,5
524,5
525,4
526,4
527,5
528,2
529,6
530,5
531,4
532,4
533,2
534,5
535,2
536,2
537,5
538,5
539,5
540,5
541,2
542,4
543,5
544,4
545,5
546,5
547,5
548,5
549,0
550,5
551,5
552,5
553,5
554,5
555,2
556,5
557,5
558,6
559,2
560,2
561,2
562,6
563,2
564,6
565,6
566,5
567,2
568,2
569,5
570,4
571,2
572,2
573,6
574,4
575,4
576,7
577,5
578,5
579,2
580,6
581,2
582,2
583,5
584,5
585,5
586,5
587,5
588,6
589,4
590,2
591,2
592,4
593,6
594,5
595,5
596,5
597,5
598,0
599,0
600,0
601,5
602,5
603,5
604,7
605,0
606,0
607,2
608,5
609,2
610,5
611,7
612,5
613,0
614,2
615,5
616,2
617,4
618,5
619,4
620,4
621,6
622,6
623,2
624,4
625,5
626,5
627,3
628,3
629,3
630,5
631,5
632,2
633,0
634,5
635,5
636,5
637,4
638,5
639,5
640,6
641,2
642,5
643,7
644,5
645,5
646,2
647,2
648,7
649,2
650,5
651,5
652,5
653,1
654,5
655,5
656,3
657,1
658,3
659,6
660,6
661,6
662,5
663,5
664,6
665,5
666,6
667,4
668,2
669,4
670,0
671,5
672,0
673,5
674,5
675,0
676,5
677,4
678,5
679,0
680,5
681,6
682,6
683,6
684,6
685,4
686,6
687,5
688,0
689,5
690,6
691,6
692,6
693,5
694,2
695,7
696,7
697,5
698,5
699,5
700,5
701,2
702,5
703,5
704,5
705,2
706,4
707,4
708,2
709,6
710,5
711,6
712,2
713,4
714,5
715,0
716,0
717,3
718,3
719,4
720,6
721,6
722,6
723,6
724,6
725,6
726,6
727,0
728,5
729,5
730,5
731,5
732,2
733,6
734,2
735,2
736,5
737,5
738,7
739,4
740,5
741,5
742,6
743,5
744,4
745,7
746,4
747,5
748,5
749,4
750,2
751,5
752,6
753,5
754,5
755,1
756,5
757,6
758,1
759,6
760,6
761,2
762,6
763,4
764,6
765,0
766,3
767,5
768,5
769,6
770,6
771,1
772,2
773,6
774,0
775,7
776,0
777,0
778,0
779,5
780,6
781,5
782,6
783,1
784,6
785,6
786,6
787,7
788,6
789,2
790,6
791,6
792,4
793,7
794,6
795,6
796,0
797,2
798,5
799,0
800,5
801,7
802,5
803,2
804,5
805,2
806,1
807,2
808,5
809,5
810,1
811,5
812,2
813,2
814,1
815,2
816,5
817,5
818,0
819,0
820,5
821,2
822,0
823,1
824,5
825,5
826,5
827,5
828,2
829,5
830,2
831,0
832,2
833,2
834,5
835,2
836,5
837,1
838,5
839,2
840,0
841,7
842,5
843,6
844,2
845,1
846,6
847,1
848,6
849,5
850,6
851,5
852,7
853,1
854,5
855,7
856,5
857,5
858,7
859,7
860,0
861,3
862,3
863,5
864,6
865,6
866,6
867,6
868,6
869,6
870,2
871,4
872,4
873,2
874,2
875,1
876,5
877,1
878,5
879,1
880,0
881,7
882,2
883,6
884,7
885,5
886,6
887,4
888,6
889,6
890,3
891,5
892,0
893,5
894,0
895,6
896,6
897,6
898,5
899,5
900,2
901,2
902,2
903,4
904,4
905,6
906,5
907,4
908,3
909,0
910,5
911,6
912,5
913,5
914,2
915,4
916,6
917,6
918,5
919,6
920,2
921,5
922,6
923,6
924,0
925,0
926,5
927,0
928,5
929,0
930,0
931,5
932,5
933,5
934,2
935,2
936,1
937,5
938,2
939,5
940,5
941,5
942,4
943,6
944,6
945,0
946,7
947,5
948,2
949,6
950,5
951,5
952,6
953,5
954,5
955,5
956,0
957,5
958,6
959,1
960,5
961,6
962,2
963,6
964,5
965,5
966,1
967,1
968,2
969,6
970,6
971,5
972,5
973,4
974,5
975,5
976,0
977,5
978,2
979,4
980,0
981,7
982,7
983,7
984,7
985,5
986,6
987,6
988,6
989,6
990,4
991,5
992,5
993,7
994,6
995,1
996,6
997,2
998,1
999,6
1000,6
1001,0
1002,0
1003,5
1004,0
1005,1
1006,7
1007,0
1008,6
1009,5
1010,6
1011,6
1012,5
1013,4
1014,6
1015,1
1016,6
1017,7
1018,5
1019,4
1020,6
1021,2
1022,2
1023,6
1024,4
1025,1
1026,7
1027,2
1028,6
1029,2
1030,7
1031,1
1032,6
1033,0
1034,2
1035,6
1036,1
1037,0
1038,1
1039,5
1040,2
1041,6
1042,2
1043,7
1044,6
1045,6
1046,6
1047,5
1048,2
1049,5
1050,2
1051,6
1052,4
1053,6
1054,0
1055,0
1056,5
1057,5
1058,5
1059,5
1060,2
1061,2
1062,1
1063,5
1064,2
1065,6
1066,5
1067,7
1068,1
1069,2
1070,7
1071,2
1072,4
1073,4
1074,6
1075,1
1076,6
1077,6
1078,2
1079,6
1080,2
1081,5
1082,4
1083,0
1084,0
1085,0
1086,0
1087,5
1088,2
1089,4
1090,5
1091,7
1092,5
1093,1
1094,2
1095,0
1096,5
1097,7
1098,1
1099,4
1100,5
1101,5
1102,5
1103,5
1104,5
1105,5
1106,5
1107,5
1108,5
1109,0
1110,4
1111,0
1112,5
1113,5
1114,7
1115,0
1116,0
1117,5
1118,0
1119,5
1120,5
1121,5
1122,0
1123,5
1124,2
1125,0
1126,6
1127,7
1128,5
1129,4
1130,7
1131,5
1132,6
1133,6
1134,6
1135,2
1136,7
1137,4
1138,6
1139,5
1140,5
1141,5
1142,5
1143,7
1144,5
1145,5
1146,2
1147,5
1148,0
1149,2
1150,2
1151,6
1152,4
1153,5
1154,5
1155,2
1156,0
1157,4
1158,5
1159,2
1160,5
1161,6
1162,5
1163,6
1164,5
1165,5
1166,5
1167,5
1168,5
1169,5
1170,4
1171,5
1172,4
1173,4
1174,2
1175,5
1176,2
1177,4
1178,4
1179,4
1180,4
1181,5
1182,5
1183,5
1184,0
1185,0
1186,5
1187,2
1188,2
1189,1
1190,5
1191,5
1192,4
1193,5
1194,6
1195,7
1196,6
1197,2
1198,4
1199,1
1200,5
1201,6
1202,6
1203,2
1204,6
1205,1
1206,2
1207,6
1208,5
1209,5
1210,7
1211,5
1212,0
1213,0
1214,0
1215,0
1216,2
1217,0
1218,0
1219,5
1220,5
1221,5
1222,5
1223,5
1224,5
1225,4
1226,0
1227,6
1228,6
1229,2
1230,2
1231,0
1232,6
1233,2
1234,6
1235,1
1236,5
1237,4
1238,4
1239,5
1240,5
1241,4
1242,2
1243,5
1244,2
1245,6
1246,3
1247,6
1248,3
1249,0
1250,1
1251,1
1252,6
1253,6
1254,1
1255,5
1256,1
1257,5
1258,1
1259,0
1260,0
1261,5
1262,6
1263,1
1264,5
1265,1
1266,1
1267,6
1268,1
1269,1
1270,1
1271,5
1272,2
1273,1
1274,0
1275,4
1276,1
1277,7
1278,2
1279,7
1280,5
1281,2
1282,0
1283,5
1284,1
1285,7
1286,4
1287,4
1288,6
1289,3
1290,3
1291,3
1292,1
1293,5
1294,3
1295,6
1296,1
1297,3
1298,5
1299,0
1300,0
1301,5
1302,5
1303,0
1304,3
1305,3
1306,5
1307,6
1308,0
1309,7
1310,7
1311,6
1312,7
1313,5
1314,1
1315,7
1316,7
1317,1
1318,1
1319,7
1320,7
1321,0
1322,1
1323,7
1324,0
1325,7
1326,7
1327,1
1328,1
1329,1
1330,0
1331,1
1332,2
1333,6
1334,7
1335,4
1336,0
1337,1
1338,4
1339,5
1340,5
1341,0
1342,5
1343,0
1344,5
1345,5
1346,5
1347,5
1348,5
1349,5
1350,5
1351,7
1352,5
1353,5
1354,7
1355,0
1356,0
1357,5
1358,0
1359,0
1360,0
1361,5
1362,0
1363,5
1364,5
1365,5
1366,5
1367,0
1368,5
1369,5
1370,0
1371,7
1372,0
1373,5
1374,7
1375,5
1376,2
1377,0
1378,5
1379,5
1380,4
1381,2
1382,7
1383,5
1384,5
1385,0
1386,5
1387,4
1388,5
1389,0
1390,5
1391,6
1392,5
1393,0
1394,0
1395,0
1396,0
1397,7
1398,5
1399,7
1400,0
1401,5
1402,5
1403,6
1404,2
1405,6
1406,2
1407,6
1408,5
1409,5
1410,0
1411,5
1412,5
1413,0
1414,0
1415,5
1416,0
1417,0
1418,0
1419,0
1420,5
1421,6
1422,2
1423,1
1424,6
1425,5
1426,2
1427,2
1428,1
1429,1
1430,2
1431,2
1432,7
1433,7
1434,7
1435,2
1436,7
1437,2
1438,7
1439,6
1440,7
1441,1
1442,2
1443,7
1444,0
1445,7
1446,2
1447,2
1448,5
1449,1
1450,1
1451,5
1452,7
1453,5
1454,5
1455,7
1456,7
1457,7
1458,2
1459,7
1460,7
1461,7
1462,7
1463,0
1464,0
1465,6
1466,7
1467,7
1468,7
1469,7
1470,7
1471,7
1472,6
1473,7
1474,7
1475,0
1476,7
1477,7
1478,7
1479,3
1480,1
1481,1
1482,7
1483,1
1484,1
1485,6
1486,6
1487,6
1488,1
1489,0
1490,0
1491,3
1492,0
1493,5
1494,6
1495,6
1496,2
1497,1
1498,7
1499,3
1500,3
1501,5
1502,6
1503,6
1504,5
1505,0
1506,0
1507,5
1508,1
1509,7
1510,6
1511,1
1512,6
1513,1
1514,5
1515,5
1516,5
1517,0
1518,0
1519,0
1520,0
1521,0
1522,2
1523,6
1524,5
1525,0
1526,0
1527,0
1528,5
1529,0
1530,0
1531,2
1532,0
1533,5
1534,0
1535,4
1536,5
1537,5
1538,2
1539,2
1540,5
1541,0
1542,3
1543,3
1544,5
1545,5
1546,2
1547,6
1548,4
1549,0
1550,5
1551,0
1552,3
1553,7
1554,4
1555,7
1556,5
1557,5
1558,5
1559,2
1560,0
1561,5
1562,6
1563,2
1564,6
1565,6
1566,6
1567,6
1568,5
1569,7
1570,5
1571,0
1572,3
1573,5
1574,5
1575,5
1576,1
1577,5
1578,2
1579,5
1580,5
1581,5
1582,4
1583,6
1584,2
1585,4
1586,5
1587,5
1588,6
1589,6
1590,5
1591,0
1592,5
1593,0
1594,6
1595,2
1596,2
1597,6
1598,6
1599,0
1600,5
1601,5
1602,0
1603,5
1604,5
1605,0
1606,5
1607,0
1608,0
1609,5
1610,5
1611,7
1612,7
1613,5
1614,0
1615,5
1616,5
1617,5
1618,7
1619,5
1620,5
1621,5
1622,2
1623,7
1624,6
1625,2
1626,6
1627,6
1628,6
1629,2
1630,0
1631,4
1632,6
1633,2
1634,2
1635,6
1636,4
1637,2
1638,5
1639,5
1640,0
1641,0
1642,0
1643,3
1644,3
1645,5
1646,4
1647,6
1648,5
1649,7
1650,6
1651,2
1652,1
1653,2
1654,5
1655,6
1656,6
1657,4
1658,6
1659,4
1660,7
1661,2
1662,7
1663,2
1664,5
1665,7
1666,5
1667,6
1668,3
1669,3
1670,3
1671,3
1672,3
1673,6
1674,6
1675,5
1676,5
1677,0
1678,5
1679,5
1680,5
1681,6
1682,6
1683,7
1684,6
1685,6
1686,6
1687,6
1688,1
1689,6
1690,5
1691,7
1692,4
1693,0
1694,0
1695,0
1696,0
1697,5
1698,0
1699,5
1700,2
1701,4
1702,6
1703,2
1704,6
1705,6
1706,6
1707,4
1708,6
1709,4
1710,2
1711,2
1712,3
1713,0
1714,3
1715,3
1716,3
1717,1
1718,0
1719,1
1720,0
1721,0
1722,0
1723,3
1724,3
1725,3
1726,5
1727,3
1728,4
1729,5
1730,5
1731,0
1732,5
1733,5
1734,6
1735,5
1736,0
1737,7
1738,0
1739,0
1740,5
1741,4
1742,2
1743,5
1744,4
1745,5
1746,7
1747,2
1748,6
1749,6
1750,5
1751,5
1752,6
1753,6
1754,5
1755,4
1756,2
1757,5
1758,4
1759,2
1760,2
1761,5
1762,0
1763,3
1764,5
1765,5
1766,0
1767,5
1768,5
1769,0
1770,5
1771,7
1772,0
1773,5
1774,2
1775,0
1776,0
1777,0
1778,6
1779,5
1780,3
1781,0
1782,2
1783,5
1784,0
1785,0
1786,0
1787,5
1788,4
1789,0
1790,7
1791,5
1792,5
1793,5
1794,5
1795,6
1796,0
1797,5
1798,5
1799,0
1800,0
1801,2
1802,2
1803,2
1804,5
1805,0
1806,2
1807,0
1808,5
1809,0
1810,2
1811,7
1812,2
1813,5
1814,5
1815,5
1816,4
1817,5
1818,4
1819,5
1820,0
1821,5
1822,5
1823,4
1824,2
1825,7
1826,5
1827,5
1828,2
1829,5
1830,0
1831,5
1832,0
1833,5
1834,5
1835,5
1836,4
1837,5
1838,2
1839,7
1840,6
1841,2
1842,4
1843,4
1844,6
1845,1
1846,5
1847,5
1848,5
1849,2
1850,5
1851,5
1852,5
1853,5
1854,5
1855,5
1856,2
1857,0
1858,5
1859,2
1860,6
1861,1
1862,5
1863,5
1864,4
1865,6
1866,4
1867,1
1868,7
1869,7
1870,3
1871,1
1872,6
1873,4
1874,0
1875,2
1876,6
1877,4
1878,7
1879,7
1880,7
1881,6
1882,1
1883,5
1884,1
1885,7
1886,7
1887,1
1888,1
1889,1
1890,1
1891,6
1892,6
1893,6
1894,1
1895,6
1896,1
1897,6
1898,1
1899,5
1900,5
1901,0
1902,2
1903,0
1904,6
1905,1
1906,5
1907,5
1908,7
1909,2
1910,7
1911,7
1912,0
1913,4
1914,7
1915,7
1916,7
1917,3
1918,6
1919,2
1920,7
1921,7
1922,6
1923,7
1924,2
1925,7
1926,5
1927,6
1928,1
1929,4
1930,6
1931,6
1932,6
1933,1
1934,2
1935,6
1936,7
1937,7
1938,6
1939,6
1940,2
1941,5
1942,2
1943,0
1944,3
1945,3
1946,1
1947,0
1948,5
1949,0
1950,5
1951,7
1952,5
1953,5
1954,0
1955,0
1956,6
1957,6
1958,0
1959,5
1960,7
1961,6
1962,4
1963,2
1964,5
1965,0
1966,7
1967,0
1968,5
1969,0
1970,0
1971,1
1972,1
1973,1
1974,2
1975,7
1976,2
1977,5
1978,2
1979,7
1980,5
1981,1
1982,2
1983,7
1984,7
1985,5
1986,7
1987,4
1988,7
1989,5
1990,5
1991,2
1992,0
1993,5
1994,2
1995,0
1996,0
1997,1
1998,0
1999,5
2000,2
2001,6
2002,7
2003,5
2004,6
2005,1
2006,2
2007,6
2008,6
2009,2
2010,1
2011,6
2012,7
2013,0
2014,7
2015,7
2016,2
2017,6
2018,1
2019,7
2020,2
2021,1
2022,0
2023,0
2024,0
2025,7
2026,7
2027,7
2028,7
2029,0
2030,0
2031,0
2032,0
2033,7
2034,7
2035,0
2036,7
2037,7
2038,7
2039,7
2040,7
2041,5
2042,5
2043,6
2044,2
2045,6
2046,1
2047,0
2048,0
2049,2
2050,7
2051,2
2052,0
2053,0
2054,7
2055,2
2056,0
2057,7
2058,0
2059,7
2060,0
2061,0
2062,1
2063,6
2064,4
2065,1
2066,4
2067,6
2068,0
2069,7
2070,2
2071,1
2072,1
2073,1
2074,5
2075,1
2076,0
2077,7
2078,2
2079,0
2080,7
2081,7
2082,0
2083,2
2084,0
2085,4
2086,2
2087,7
2088,5
2089,1
2090,5
2091,2
2092,5
2093,5
2094,0
2095,7
2096,3
2097,7
2098,5
2099,5
2100,5
2101,6
2102,1
2103,6
2104,7
2105,6
2106,6
2107,2
2108,6
2109,6
2110,2
2111,7
2112,6
2113,2
2114,6
2115,6
2116,6
2117,6
2118,6
2119,4
2120,6
2121,7
2122,7
2123,7
2124,7
2125,6
2126,7
2127,0
2128,2
2129,6
2130,6
2131,5
2132,6
2133,5
2134,7
2135,4
2136,7
2137,0
2138,5
2139,2
2140,2
2141,5
2142,6
2143,1
2144,2
2145,6
2146,2
2147,1
2148,6
2149,1
2150,5
2151,0
2152,0
2153,2
2154,0
2155,6
2156,6
2157,6
2158,0
2159,3
2160,0
2161,3
2162,5
2163,0
2164,5
2165,5
2166,6
2167,6
2168,6
2169,2
2170,6
2171,6
2172,6
2173,2
2174,6
2175,2
2176,6
2177,2
2178,2
2179,2
2180,2
2181,4
2182,6
2183,4
2184,6
2185,6
2186,6
2187,6
2188,5
2189,0
2190,0
2191,7
2192,7
2193,0
2194,3
2195,3
2196,5
2197,0
2198,0
2199,7
2200,5
2201,5
2202,7
2203,0
2204,6
2205,6
2206,6
2207,5
2208,6
2209,6
2210,2
2211,6
2212,6
2213,6
2214,7
2215,2
2216,4
2217,5
2218,5
2219,5
2220,0
2221,5
2222,5
2223,5
2224,0
2225,5
2226,7
2227,5
2228,5
2229,2
2230,0
2231,5
2232,0
2233,7
2234,7
2235,2
2236,2
2237,5
2238,5
2239,5
2240,5
2241,0
2242,7
2243,5
2244,5
2245,0
2246,4
2247,6
2248,6
2249,6
2250,6
2251,7
2252,6
2253,2
2254,4
2255,7
2256,6
2257,6
2258,4
2259,6
2260,6
2261,6
2262,6
2263,2
2264,2
2265,2
2266,4
2267,6
2268,5
2269,5
2270,5
2271,5
2272,7
2273,7
2274,7
2275,7
2276,5
2277,5
2278,0
2279,0
2280,6
2281,6
2282,6
2283,5
2284,5
2285,0
2286,5
2287,5
2288,5
2289,2
2290,0
2291,2
2292,5
2293,5
2294,0
2295,5
2296,5
2297,5
2298,5
2299,7
2300,6
2301,5
2302,6
2303,2
2304,5
2305,5
2306,5
2307,4
2308,7
2309,5
2310,5
2311,7
2312,4
2313,5
2314,5
2315,5
2316,4
2317,6
2318,2
2319,6
2320,2
2321,2
2322,7
2323,4
2324,7
2325,6
2326,4
2327,6
2328,4
2329,5
2330,0
2331,5
2332,0
2333,7
2334,7
2335,7
2336,5
2337,5
2338,4
2339,5
2340,5
2341,7
2342,5
2343,5
2344,5
2345,0
2346,5
2347,5
2348,6
2349,6
2350,6
2351,6
2352,4
2353,6
2354,6
2355,5
2356,5
2357,5
2358,5
2359,5
2360,5
2361,5
2362,2
2363,5
2364,5
2365,5
2366,5
2367,5
2368,5
2369,2
2370,0
2371,5
2372,7
2373,0
2374,7
2375,5
2376,0
2377,5
2378,6
2379,5
2380,7
2381,5
2382,5
2383,5
2384,2
2385,2
2386,6
2387,6
2388,4
2389,5
2390,2
2391,6
2392,5
2393,2
2394,6
2395,4
2396,6
2397,2
2398,4
2399,4
2400,6
2401,1
2402,7
2403,5
2404,5
2405,5
2406,4
2407,5
2408,6
2409,2
2410,5
2411,5
2412,5
2413,4
2414,6
2415,4
2416,4
2417,7
2418,2
2419,7
2420,5
2421,5
2422,5
2423,6
2424,6
2425,6
2426,5
2427,4
2428,6
2429,6
2430,6
2431,6
2432,5
2433,5
2434,5
2435,6
2436,5
2437,5
2438,5
2439,6
2440,0
2441,7
2442,6
2443,0
2444,6
2445,6
2446,5
2447,5
2448,5
2449,1
2450,5
2451,1
2452,5
2453,5
2454,5
2455,5
2456,4
2457,6
2458,2
2459,6
2460,6
2461,6
2462,6
2463,6
2464,2
2465,1
2466,5
2467,6
2468,2
2469,2
2470,6
2471,0
2472,2
2473,6
2474,1
2475,7
2476,2
2477,7
2478,5
2479,0
2480,5
2481,5
2482,6
2483,5
2484,2
2485,5
2486,2
2487,6
2488,1
2489,6
2490,5
2491,0
2492,6
2493,0
2494,6
2495,2
2496,7
2497,7
2498,5
2499,5
2500,6
2501,1
2502,6
2503,6
2504,6
2505,2
2506,2
2507,6
2508,2
2509,6
2510,2
2511,2
2512,6
2513,4
2514,4
2515,1
2516,5
2517,6
2518,5
2519,5
2520,7
2521,7
2522,1
2523,5
2524,6
2525,1
2526,0
2527,0
2528,4
2529,5
2530,2
2531,2
2532,7
2533,5
2534,5
2535,7
2536,0
2537,7
2538,7
2539,5
2540,4
2541,7
2542,4
2543,6
2544,5
2545,5
2546,0
2547,1
2548,4
2549,5
2550,6
2551,7
2552,2
2553,5
2554,5
2555,6
2556,5
2557,1
2558,7
2559,6
2560,2
2561,0
2562,2
2563,6
2564,5
2565,7
2566,5
2567,7
2568,0
2569,0
2570,6
2571,0
2572,0
2573,5
2574,3
2575,1
2576,3
2577,2
2578,6
2579,6
2580,2
2581,6
2582,6
2583,4
2584,1
2585,0
2586,5
2587,5
2588,5
2589,0
2590,5
2591,0
2592,0
2593,5
2594,5
2595,5
2596,5
2597,0
2598,2
2599,2
2600,0
2601,2
2602,1
2603,5
2604,0
2605,0
2606,0
2607,6
2608,5
2609,5
2610,0
2611,5
2612,5
2613,2
2614,5
2615,0
2616,4
2617,5
2618,5
2619,2
2620,5
2621,6
2622,5
2623,0
2624,6
2625,6
2626,2
2627,0
2628,4
2629,5
2630,2
2631,5
2632,5
2633,4
2634,6
2635,6
2636,3
2637,3
2638,0
2639,1
2640,6
2641,5
2642,2
2643,3
2644,2
2645,6
2646,6
2647,2
2648,2
2649,7
2650,7
2651,7
2652,7
2653,7
2654,7
2655,6
2656,2
2657,6
2658,0
2659,0
2660,4
2661,7
2662,3
2663,1
2664,6
2665,6
2666,7
2667,4
2668,6
2669,2
2670,1
2671,3
2672,3
2673,3
2674,3
2675,1
2676,5
2677,0
2678,6
2679,5
2680,5
2681,0
2682,5
2683,0
2684,1
2685,5
2686,5
2687,1
2688,5
2689,5
2690,7
2691,0
2692,0
2693,3
2694,5
2695,0
2696,0
2697,0
2698,0
2699,0
2700,6
2701,2
2702,1
2703,7
2704,0
2705,2
2706,6
2707,5
2708,5
2709,2
2710,5
2711,7
2712,5
2713,2
2714,2
2715,5
2716,2
2717,2
2718,5
2719,5
2720,2
2721,5
2722,7
2723,7
2724,7
2725,7
2726,7
2727,1
2728,0
2729,0
2730,6
2731,7
2732,7
2733,2
2734,4
2735,2
2736,7
2737,0
2738,2
2739,5
2740,2
2741,1
2742,5
2743,7
2744,7
2745,5
2746,2
2747,5
2748,0
2749,0
2750,5
2751,6
2752,6
2753,6
2754,6
2755,6
2756,7
2757,4
2758,4
2759,4
2760,7
2761,7
2762,2
2763,0
2764,2
2765,6
2766,7
2767,2
2768,7
2769,7
2770,7
2771,2
2772,7
2773,7
2774,7
2775,7
2776,2
2777,7
2778,7
2779,7
2780,7
2781,2
2782,2
2783,7
2784,7
2785,7
2786,6
2787,0
2788,0
2789,0
2790,6
2791,6
2792,2
2793,7
2794,7
2795,4
2796,1
2797,2
2798,0
2799,7
2800,2
2801,2
2802,2
2803,2
2804,2
2805,2
2806,7
2807,5
2808,7
2809,2
2810,2
2811,7
2812,0
2813,2
2814,2
2815,2
2816,5
2817,7
2818,7
2819,2
2820,4
2821,2
2822,0
2823,2
2824,2
2825,2
2826,2
2827,6
2828,2
2829,6
2830,2
2831,6
2832,2
2833,0
2834,2
2835,4
2836,2
2837,2
2838,6
2839,0
2840,4
2841,0
2842,2
2843,2
2844,2
2845,5
2846,2
2847,0
2848,0
2849,1
2850,4
2851,2
2852,7
2853,7
2854,7
2855,1
2856,7
2857,0
2858,7
2859,0
2860,7
2861,2
2862,2
2863,2
2864,5
2865,6
2866,2
2867,2
2868,5
2869,2
2870,5
2871,2
2872,2
2873,6
2874,4
2875,5
2876,7
2877,2
2878,2
2879,2
2880,5
2881,6
2882,0
2883,7
2884,2
2885,7
2886,7
2887,2
2888,7
2889,7
2890,7
2891,2
2892,2
2893,5
2894,2
2895,2
2896,2
2897,7
2898,2
2899,0
2900,2
2901,7
2902,7
2903,2
2904,7
2905,7
2906,7
2907,6
2908,7
2909,2
2910,7
2911,7
2912,7
2913,7
2914,0
2915,3
2916,6
2917,6
2918,2
2919,7
2920,1
2921,5
2922,7
2923,7
2924,5
2925,2
2926,7
2927,0
2928,2
2929,7
2930,7
2931,2
2932,0
2933,0
2934,5
2935,0
2936,3
2937,5
2938,0
2939,3
2940,3
2941,3
2942,3
2943,6
2944,6
2945,4
2946,2
2947,5
2948,3
2949,5
2950,5
2951,3
2952,5
2953,5
2954,1
2955,4
2956,5
2957,5
2958,5
2959,5
2960,2
2961,5
2962,5
2963,5
2964,0
2965,5
2966,5
2967,0
2968,5
2969,7
2970,5
2971,5
2972,5
2973,5
2974,2
2975,7
2976,0
2977,0
2978,6
2979,5
2980,6
2981,6
2982,6
2983,6
2984,5
2985,1
2986,6
2987,4
2988,7
2989,6
2990,6
2991,6
2992,5
2993,4
2994,6
2995,5
2996,0
2997,7
2998,4
2999,5
3000,6
3001,6
3002,6
3003,5
3004,1
3005,5
3006,5
3007,5
3008,0
3009,0
3010,4
3011,2
3012,5
3013,7
3014,5
3015,7
3016,5
3017,5
3018,0
3019,5
3020,5
3021,4
3022,4
3023,6
3024,5
3025,5
3026,5
3027,5
3028,5
3029,0
3030,2
3031,5
3032,2
3033,5
3034,5
3035,0
3036,5
3037,6
3038,5
3039,6
3040,5
3041,5
3042,5
3043,5
3044,5
3045,5
3046,5
3047,0
3048,5
3049,7
3050,4
3051,5
3052,4
3053,0
3054,5
3055,4
3056,5
3057,5
3058,0
3059,5
3060,6
3061,6
3062,6
3063,2
3064,4
3065,6
3066,4
3067,2
3068,5
3069,5
3070,0
3071,2
3072,5
3073,5
3074,5
3075,7
3076,0
3077,5
3078,6
3079,7
3080,7
3081,6
3082,2
3083,5
3084,1
3085,0
3086,6
3087,6
3088,2
3089,2
3090,4
3091,5
3092,0
3093,6
3094,7
3095,0
3096,5
3097,0
3098,3
3099,3
3100,0
3101,2
3102,1
3103,6
3104,7
3105,5
3106,2
3107,5
3108,5
3109,1
3110,0
3111,6
3112,7
3113,6
3114,2
3115,2
3116,6
3117,5
3118,2
3119,2
3120,6
3121,6
3122,2
3123,7
3124,7
3125,5
3126,7
3127,2
3128,0
3129,2
3130,4
3131,5
3132,0
3133,0
3134,5
3135,5
3136,2
3137,2
3138,7
3139,5
3140,2
3141,4
3142,6
3143,5
3144,2
3145,5
3146,2
3147,2
3148,2
3149,5
3150,2
3151,1
3152,7
3153,2
3154,2
3155,5
3156,7
3157,7
3158,0
3159,0
3160,0
3161,6
3162,6
3163,2
3164,2
3165,6
3166,6
3167,1
3168,6
3169,2
3170,5
3171,7
3172,5
3173,5
3174,5
3175,5
3176,7
3177,0
3178,5
3179,7
3180,0
3181,0
3182,5
3183,5
3184,5
3185,2
3186,5
3187,7
3188,5
3189,5
3190,2
3191,0
3192,0
3193,2
3194,6
3195,6
3196,5
3197,7
3198,5
3199,5
3200,5
3201,2
3202,5
3203,5
3204,7
3205,2
3206,0
3207,2
3208,2
3209,5
3210,0
3211,5
3212,7
3213,5
3214,2
3215,2
3216,2
3217,5
3218,6
3219,7
3220,0
3221,4
3222,2
3223,4
3224,4
3225,7
3226,2
3227,2
3228,4
3229,5
3230,5
3231,6
3232,5
3233,5
3234,3
3235,5
3236,2
3237,2
3238,6
3239,2
3240,5
3241,2
3242,1
3243,5
3244,4
3245,2
3246,2
3247,7
3248,6
3249,2
3250,7
3251,6
3252,5
3253,5
3254,5
3255,4
3256,5
3257,5
3258,5
3259,6
3260,2
3261,5
3262,5
3263,5
3264,7
3265,2
3266,2
3267,5
3268,6
3269,5
3270,7
3271,6
3272,7
3273,0
3274,2
3275,4
3276,5
3277,5
3278,0
3279,5
3280,2
3281,0
3282,5
3283,5
3284,6
3285,6
3286,5
3287,6
3288,6
3289,6
3290,6
3291,2
3292,5
3293,6
3294,5
3295,5
3296,2
3297,2
3298,6
3299,2
3300,5
3301,6
3302,0
3303,2
3304,5
3305,2
3306,6
3307,7
3308,6
3309,0
3310,5
3311,5
3312,5
3313,5
3314,2
3315,5
3316,0
3317,5
3318,5
3319,5
3320,5
3321,5
3322,5
3323,4
3324,4
3325,6
3326,5
3327,5
3328,5
3329,0
3330,2
3331,6
3332,5
3333,2
3334,5
3335,5
3336,6
3337,6
3338,6
3339,4
3340,5
3341,5
3342,5
3343,4
3344,5
3345,6
3346,5
3347,2
3348,5
3349,2
3350,4
3351,5
3352,7
3353,5
3354,5
3355,0
3356,2
3357,1
3358,2
3359,0
3360,5
3361,5
3362,5
3363,0
3364,0
3365,6
3366,6
3367,6
3368,1
3369,3
3370,7
3371,5
3372,0
3373,2
3374,6
3375,1
3376,6
3377,2
3378,6
3379,5
3380,2
3381,6
3382,6
3383,1
3384,5
3385,6
3386,2
3387,1
3388,1
3389,5
3390,2
3391,6
3392,2
3393,6
3394,5
3395,2
3396,1
3397,6
3398,7
3399,6
3400,2
3401,1
3402,5
3403,1
3404,7
3405,2
3406,0
3407,6
3408,2
3409,7
3410,6
3411,1
3412,1
3413,1
3414,4
3415,6
3416,0
3417,6
3418,1
3419,0
3420,5
3421,0
3422,5
3423,0
3424,5
3425,6
3426,2
3427,6
3428,6
3429,2
3430,2
3431,2
3432,2
3433,1
3434,2
3435,1
3436,4
3437,6
3438,2
3439,6
3440,2
3441,2
3442,1
3443,5
3444,0
3445,5
3446,1
3447,1
3448,5
3449,7
3450,0
3451,1
3452,7
3453,0
3454,5
3455,1
3456,1
3457,2
3458,6
3459,1
3460,4
3461,1
3462,6
3463,0
3464,6
3465,6
3466,1
3467,7
3468,0
3469,1
3470,1
3471,1
3472,2
3473,5
3474,5
3475,5
3476,7
3477,4
3478,2
3479,2
3480,6
3481,7
3482,1
3483,0
3484,1
3485,0
3486,5
3487,0
3488,5
3489,4
3490,1
3491,7
3492,1
3493,2
3494,2
3495,7
3496,1
3497,1
3498,2
3499,1
3500,1
3501,1
3502,6
3503,2
3504,5
3505,2
3506,2
3507,1
3508,6
3509,6
3510,1
3511,1
3512,2
3513,6
3514,6
3515,5
3516,1
3517,5
3518,0
3519,2
3520,1
3521,6
3522,5
3523,1
3524,2
3525,4
3526,1
3527,1
3528,2
3529,1
3530,6
3531,6
3532,0
3533,6
3534,6
3535,6
3536,2
3537,5
3538,1
3539,0
3540,1
3541,2
3542,1
3543,1
3544,2
3545,2
3546,1
3547,6
3548,2
3549,2
3550,2
3551,2
3552,1
3553,1
3554,2
3555,1
3556,1
3557,6
3558,2
3559,2
3560,5
3561,1
3562,2
3563,1
3564,2
3565,1
3566,2
3567,1
3568,4
3569,1
3570,6
3571,2
3572,2
3573,1
3574,4
3575,2
3576,1
3577,6
3578,1
3579,1
3580,2
3581,0
3582,0
3583,1
3584,2
3585,1
3586,1
3587,2
3588,1
3589,1
3590,1
3591,0
3592,5
3593,2
3594,2
3595,5
3596,2
3597,6
3598,1
3599,5
3600,2
3601,6
3602,5
3603,5
3604,2
3605,5
3606,2
3607,1
3608,1
3609,2
3610,2
3611,1
3612,6
3613,2
3614,1
3615,6
3616,1
3617,5
3618,4
3619,6
3620,1
3621,2
3622,6
3623,6
3624,6
3625,2
3626,0
3627,2
3628,2
3629,2
3630,2
3631,6
3632,1
3633,1
3634,5
3635,6
3636,2
3637,2
3638,2
3639,4
3640,0
3641,6
3642,6
3643,2
3644,7
3645,0
3646,2
3647,1
3648,2
3649,2
3650,6
3651,2
3652,6
3653,7
3654,5
3655,1
3656,5
3657,2
3658,2
3659,5
3660,7
3661,2
3662,2
3663,1
3664,0
3665,1
3666,4
3667,1
3668,1
3669,4
3670,4
3671,1
3672,0
3673,2
3674,2
3675,4
3676,1
3677,2
3678,0
3679,2
3680,5
3681,1
3682,7
3683,2
3684,1
3685,0
3686,7
3687,7
3688,7
3689,0
3690,0
3691,7
3692,7
3693,7
3694,7
3695,7
3696,7
3697,7
3698,0
3699,5
3700,4
3701,0
3702,6
3703,6
3704,2
3705,1
3706,6
3707,1
3708,1
3709,1
3710,1
3711,1
3712,6
3713,2
3714,2
3715,1
3716,6
3717,1
3718,2
3719,1
3720,1
3721,1
3722,6
3723,2
3724,4
3725,6
3726,0
3727,0
3728,0
3729,0
3730,2
3731,2
3732,6
3733,6
3734,6
3735,1
3736,6
3737,1
3738,2
3739,5
3740,1
3741,2
3742,6
3743,1
3744,1
3745,1
3746,6
3747,2
3748,6
3749,1
3750,2
3751,2
3752,4
3753,6
3754,4
3755,6
3756,2
3757,1
3758,6
3759,2
3760,6
3761,2
3762,6
3763,6
3764,5
3765,2
3766,4
3767,4
3768,6
3769,4
3770,4
3771,5
3772,0
3773,6
3774,7
3775,5
3776,1
3777,4
3778,4
3779,5
3780,2
3781,2
3782,0
3783,0
3784,5
3785,0
3786,7
3787,3
3788,1
3789,6
3790,6
3791,1
3792,2
3793,7
3794,5
3795,1
3796,5
3797,5
3798,2
3799,1
3800,1
3801,6
3802,6
3803,6
3804,6
3805,0
3806,5
3807,0
3808,0
3809,7
3810,6
3811,5
3812,5
3813,5
3814,2
3815,5
3816,0
3817,2
3818,5
3819,1
3820,5
3821,1
3822,2
3823,4
3824,4
3825,0
3826,2
3827,0
3828,0
3829,5
3830,6
3831,6
3832,5
3833,7
3834,0
3835,5
3836,0
3837,0
3838,1
3839,1
3840,6
3841,1
3842,1
3843,1
3844,6
3845,6
3846,1
3847,1
3848,1
3849,1
3850,6
3851,1
3852,1
3853,6
3854,1
3855,1
3856,2
3857,4
3858,1
3859,1
3860,6
3861,5
3862,2
3863,2
3864,4
3865,5
3866,2
3867,2
3868,6
3869,1
3870,2
3871,5
3872,1
3873,2
3874,6
3875,2
3876,1
3877,6
3878,2
3879,0
3880,5
3881,5
3882,0
3883,5
3884,3
3885,6
3886,6
3887,5
3888,1
3889,0
3890,7
3891,1
3892,6
3893,2
3894,6
3895,5
3896,0
3897,5
3898,1
3899,0
3900,1
3901,5
3902,5
3903,5
3904,0
3905,2
3906,6
3907,0
3908,7
3909,5
3910,0
3911,6
3912,2
3913,0
3914,5
3915,1
3916,5
3917,2
3918,7
3919,6
3920,0
3921,0
3922,1
3923,6
3924,6
3925,6
3926,0
3927,1
3928,0
3929,0
3930,2
3931,1
3932,7
3933,6
3934,6
3935,6
3936,2
3937,1
3938,1
3939,6
3940,6
3941,6
3942,2
3943,1
3944,6
3945,1
3946,2
3947,7
3948,7
3949,2
3950,4
3951,1
3952,2
3953,2
3954,1
3955,2
3956,6
3957,2
3958,2
3959,1
3960,2
3961,5
3962,4
3963,2
3964,6
3965,6
3966,6
3967,0
3968,1
3969,2
3970,2
3971,2
3972,2
3973,0
3974,7
3975,5
3976,2
3977,7
3978,2
3979,2
3980,1
3981,2
3982,2
3983,2
3984,5
3985,1
3986,6
3987,1
3988,1
3989,6
3990,4
3991,2
3992,6
3993,2
3994,2
3995,1
3996,1
3997,2
3998,6
3999,2
4000,4
4001,2
4002,2
4003,6
4004,2
4005,2
4006,6
4007,4
4008,0
4009,2
4010,4
4011,2
4012,2
4013,6
4014,4
4015,6
4016,7
4017,6
4018,4
4019,6
4020,4
4021,2
4022,6
4023,4
4024,6
4025,1
4026,4
4027,2
4028,6
4029,6
4030,5
4031,6
4032,5
4033,7
4034,3
4035,0
4036,2
4037,6
4038,6
4039,4
4040,6
4041,6
4042,6
4043,6
4044,5
4045,5
4046,2
4047,4
4048,5
4049,4
4050,5
4051,2
4052,2
4053,6
4054,5
4055,0
4056,5
4057,2
4058,6
4059,2
4060,4
4061,2
4062,2
4063,6
4064,2
4065,6
4066,7
4067,6
4068,6
4069,4
4070,2
4071,2
4072,2
4073,2
4074,2
4075,1
4076,2
4077,5
4078,5
4079,4
4080,2
4081,6
4082,2
4083,2
4084,4
4085,6
4086,4
4087,5
4088,6
4089,2
4090,4
4091,5
4092,5
4093,2
4094,4
4095,5
4096,2
4097,4
4098,0
4099,4
4100,2
4101,6
4102,2
4103,0
4104,4
4105,4
4106,6
4107,2
4108,4
4109,5
4110,4
4111,6
4112,4
4113,5
4114,4
4115,5
4116,5
4117,2
4118,4
4119,5
4120,5
4121,4
4122,5
4123,1
4124,4
4125,2
4126,4
4127,4
4128,6
4129,0
4130,0
4131,2
4132,5
4133,0
4134,1
4135,0
4136,0
4137,1
4138,6
4139,6
4140,2
4141,2
4142,1
4143,0
4144,2
4145,5
4146,0
4147,2
4148,6
4149,2
4150,2
4151,1
4152,1
4153,6
4154,2
4155,5
4156,1
4157,4
4158,2
4159,4
4160,2
4161,4
4162,5
4163,0
4164,6
4165,2
4166,5
4167,2
4168,6
4169,2
4170,6
4171,4
4172,1
4173,4
4174,1
4175,2
4176,4
4177,6
4178,1
4179,6
4180,2
4181,1
4182,7
4183,7
4184,1
4185,2
4186,0
4187,6
4188,1
4189,6
4190,5
4191,6
4192,1
4193,1
4194,1
4195,1
4196,5
4197,6
4198,2
4199,1
4200,6
4201,1
4202,1
4203,1
4204,6
4205,0
4206,6
4207,6
4208,1
4209,7
4210,7
4211,4
4212,6
4213,6
4214,7
4215,6
4216,6
4217,6
4218,6
4219,1
4220,5
4221,5
4222,2
4223,1
4224,4
4225,1
4226,5
4227,1
4228,6
4229,5
4230,0
4231,2
4232,2
4233,7
4234,1
4235,4
4236,1
4237,1
4238,2
4239,2
4240,6
4241,2
4242,4
4243,4
4244,6
4245,2
4246,1
4247,2
4248,2
4249,2
4250,1
4251,7
4252,1
4253,1
4254,6
4255,2
4256,0
4257,2
4258,6
4259,0
4260,2
4261,5
4262,6
4263,0
4264,1
4265,0
4266,4
4267,7
4268,2
4269,1
4270,2
4271,1
4272,1
4273,5
4274,4
4275,4
4276,2
4277,2
4278,6
4279,1
4280,6
4281,2
4282,2
4283,6
4284,4
4285,7
4286,1
4287,4
4288,6
4289,1
4290,1
4291,1
4292,1
4293,6
4294,1
4295,1
4296,2
4297,6
4298,2
4299,1
4300,1
4301,1
4302,2
4303,0
4304,1
4305,0
4306,6
4307,4
4308,7
4309,2
4310,6
4311,1
4312,6
4313,1
4314,6
4315,2
4316,6
4317,1
4318,2
4319,2
4320,2
4321,2
4322,2
4323,4
4324,2
4325,7
4326,2
4327,2
4328,6
4329,6
4330,1
4331,6
4332,7
4333,0
4334,1
4335,1
4336,1
4337,1
4338,6
4339,1
4340,4
4341,3
4342,1
4343,0
4344,0
4345,3
4346,1
4347,1
4348,1
4349,2
4350,7
4351,1
4352,2
4353,2
4354,7
4355,1
4356,2
4357,0
4358,0
4359,7
4360,6
4361,1
4362,7
4363,1
4364,1
4365,1
4366,1
4367,1
4368,1
4369,7
4370,1
4371,1
4372,5
4373,2
4374,5
4375,2
4376,1
4377,0
4378,7
4379,6
4380,1
4381,2
4382,6
4383,6
4384,6
4385,2
4386,2
4387,1
4388,2
4389,2
4390,2
4391,7
4392,7
4393,2
4394,1
4395,0
4396,2
4397,0
4398,1
4399,7
4400,7
4401,7
4402,0
4403,5
4404,0
4405,1
4406,0
4407,1
4408,0
4409,2
4410,6
4411,7
4412,4
4413,6
4414,7
4415,0
4416,6
4417,0
4418,3
4419,3
4420,5
4421,7
4422,1
4423,1
4424,1
4425,1
4426,1
4427,7
4428,4
4429,2
4430,3
4431,3
4432,5
4433,6
4434,7
4435,0
4436,5
4437,1
4438,2
4439,6
4440,1
4441,1
4442,0
4443,2
4444,5
4445,5
4446,6
4447,7
4448,1
4449,7
4450,6
4451,0
4452,5
4453,1
4454,7
4455,2
4456,2
4457,1
4458,0
4459,5
4460,5
4461,2
4462,4
4463,1
4464,6
4465,1
4466,7
4467,1
4468,1
4469,6
4470,1
4471,1
4472,4
4473,1
4474,5
4475,5
4476,7
4477,1
4478,4
4479,2
4480,6
4481,1
4482,7
4483,2
4484,2
4485,0
4486,0
4487,5
4488,2
4489,0
4490,0
4491,2
4492,0
4493,7
4494,2
4495,6
4496,6
4497,4
4498,1
4499,2
4500,6
4501,0
4502,1
4503,0
4504,6
4505,3
4506,3
4507,3
4508,3
4509,3
4510,5
4511,2
4512,3
4513,3
4514,3
4515,5
4516,3
4517,3
4518,3
4519,3
4520,3
4521,7
4522,0
4523,6
4524,2
4525,3
4526,3
4527,3
4528,3
4529,3
4530,3
4531,7
4532,3
4533,3
4534,3
4535,7
4536,3
4537,3
4538,3
4539,3
4540,3
4541,3
4542,3
4543,3
4544,3
4545,3
4546,3
4547,3
4548,3
4549,1
4550,3
4551,1
4552,3
4553,3
4554,2
4555,3
4556,3
4557,0
4558,5
4559,1
4560,3
4561,3
4562,3
4563,3
4564,3
4565,3
4566,0
4567,3
4568,3
4569,0
4570,3
4571,3
4572,3
4573,3
4574,7
4575,3
4576,3
4577,3
4578,3
4579,5
4580,3
4581,3
4582,3
4583,5
4584,3
4585,3
4586,3
4587,1
4588,3
4589,3
4590,3
4591,1
4592,3
4593,3
4594,5
4595,3
4596,3
4597,0
4598,3
4599,5
4600,1
4601,3
4602,3
4603,5
4604,5
4605,6
4606,3
4607,6
4608,3
4609,3
4610,7
4611,6
4612,3
4613,5
4614,2
4615,3
4616,1
4617,5
4618,6
4619,5
4620,6
4621,6
4622,6
4623,5
4624,1
4625,2
4626,1
4627,1
4628,1
4629,2
4630,2
4631,4
4632,2
4633,7
4634,1
4635,0
4636,0
4637,1
4638,1
4639,1
4640,2
4641,2
4642,7
4643,7
4644,6
4645,0
4646,5
4647,1
4648,5
4649,7
4650,1
4651,1
4652,2
4653,0
4654,1
4655,2
4656,1
4657,4
4658,6
4659,5
4660,0
4661,5
4662,2
4663,5
4664,2
4665,2
4666,5
4667,0
4668,7
4669,1
4670,7
4671,1
4672,0
4673,0
4674,2
4675,6
4676,5
4677,0
4678,6
4679,0
4680,1
4681,1
4682,2
4683,7
4684,2
4685,6
4686,6
4687,1
4688,1
4689,6
4690,6
4691,1
4692,1
4693,2
4694,1
4695,6
4696,6
4697,6
4698,5
4699,1
4700,2
4701,2
4702,6
4703,1
4704,2
4705,1
4706,1
4707,6
4708,4
4709,2
4710,1
4711,4
4712,2
4713,1
4714,4
4715,6
4716,6
4717,6
4718,6
4719,1
4720,5
4721,2
4722,1
4723,1
4724,6
4725,2
4726,2
4727,2
4728,6
4729,6
4730,4
4731,2
4732,2
4733,1
4734,2
4735,4
4736,0
4737,5
4738,0
4739,5
4740,4
4741,5
4742,2
4743,7
4744,5
4745,1
4746,5
4747,1
4748,5
4749,2
4750,2
4751,5
4752,1
4753,1
4754,6
4755,2
4756,1
4757,6
4758,6
4759,2
4760,2
4761,1
4762,1
4763,1
4764,6
4765,4
4766,2
4767,4
4768,1
4769,4
4770,6
4771,5
4772,6
4773,1
4774,5
4775,6
4776,6
4777,2
4778,2
4779,2
4780,5
4781,1
4782,1
4783,1
4784,2
4785,1
4786,5
4787,1
4788,2
4789,1
4790,0
4791,4
4792,6
4793,2
4794,1
4795,2
4796,6
4797,2
4798,2
4799,0
4800,6
4801,2
4802,6
4803,2
4804,5
4805,2
4806,2
4807,1
4808,1
4809,7
4810,7
4811,4
4812,7
4813,7
4814,2
4815,4
4816,2
4817,1
4818,4
4819,6
4820,4
4821,4
4822,1
4823,7
4824,7
4825,6
4826,1
4827,0
4828,2
4829,0
4830,6
4831,2
4832,4
4833,2
4834,7
4835,5
4836,5
4837,1
4838,6
4839,2
4840,1
4841,6
4842,5
4843,1
4844,1
4845,2
4846,1
4847,1
4848,4
4849,1
4850,6
4851,7
4852,7
4853,2
4854,6
4855,1
4856,6
4857,1
4858,0
4859,5
4860,2
4861,5
4862,5
4863,0
4864,0
4865,5
4866,0
4867,0
4868,5
4869,6
4870,6
4871,4
4872,3
4873,1
4874,5
4875,6
4876,0
4877,3
4878,1
4879,1
4880,1
4881,6
4882,1
4883,2
4884,1
4885,5
4886,1
4887,2
4888,7
4889,5
4890,0
4891,2
4892,0
4893,1
4894,6
4895,1
4896,2
4897,6
4898,6
4899,6
4900,2
4901,6
4902,2
4903,6
4904,4
4905,6
4906,0
4907,0
4908,3
4909,1
4910,6
4911,2
4912,4
4913,1
4914,7
4915,2
4916,6
4917,2
4918,0
4919,2
4920,2
4921,7
4922,5
4923,7
4924,6
4925,7
4926,6
4927,1
4928,6
4929,2
4930,1
4931,1
4932,6
4933,1
4934,1
4935,1
4936,1
4937,1
4938,2
4939,6
4940,2
4941,7
4942,7
4943,6
4944,2
4945,2
4946,7
4947,1
4948,7
4949,6
4950,0
4951,2
4952,0
4953,2
4954,1
4955,6
4956,4
4957,2
4958,1
4959,2
4960,2
4961,2
4962,2
4963,6
4964,2
4965,2
4966,2
4967,6
4968,7
4969,1
4970,6
4971,6
4972,7
4973,7
4974,7
4975,5
4976,2
4977,2
4978,6
4979,6
4980,2
4981,2
4982,6
4983,6
4984,1
4985,2
4986,6
4987,2
4988,0
4989,5
4990,2
4991,6
4992,2
4993,2
4994,5
4995,2
4996,2
4997,5
4998,1
4999,6
5000,4
5001,2
5002,2
5003,2
5004,2
5005,2
5006,5
5007,2
5008,2
5009,6
5010,1
5011,4
5012,1
5013,2
5014,1
5015,1
5016,6
5017,2
5018,2
5019,2
5020,7
5021,5
5022,2
5023,6
5024,2
5025,4
5026,2
5027,1
5028,7
5029,5
5030,2
5031,2
5032,0
5033,2
5034,7
5035,1
5036,6
5037,6
5038,2
5039,2
5040,2
5041,7
5042,6
5043,4
5044,2
5045,5
5046,7
5047,4
5048,6
5049,5
5050,6
5051,7
5052,6
5053,2
5054,4
5055,4
5056,5
5057,2
5058,4
5059,4
5060,5
5061,5
5062,6
5063,5
5064,5
5065,2
5066,7
5067,5
5068,5
5069,5
5070,2
5071,1
5072,2
5073,1
5074,5
5075,0
5076,5
5077,2
5078,6
5079,5
5080,1
5081,2
5082,5
5083,5
5084,5
5085,5
5086,5
5087,7
5088,0
5089,2
5090,0
5091,5
5092,0
5093,2
5094,6
5095,5
5096,4
5097,7
5098,5
5099,6
5100,2
5101,0
5102,2
5103,6
5104,2
5105,6
5106,2
5107,2
5108,2
5109,6
5110,2
5111,2
5112,2
5113,7
5114,2
5115,6
5116,1
5117,7
5118,6
5119,2
5120,2
5121,1
5122,2
5123,2
5124,2
5125,7
5126,4
5127,2
5128,6
5129,4
5130,4
5131,7
5132,2
5133,6
5134,6
5135,2
5136,6
5137,6
5138,2
5139,7
5140,2
5141,6
5142,1
5143,6
5144,5
5145,0
5146,7
5147,2
5148,6
5149,5
5150,7
5151,7
5152,4
5153,2
5154,2
5155,5
5156,2
5157,1
5158,0
5159,2
5160,4
5161,0
5162,7
5163,6
5164,7
5165,6
5166,2
5167,2
5168,1
5169,5
5170,6
5171,2
5172,2
5173,7
5174,7
5175,7
5176,0
5177,1
5178,4
5179,6
5180,0
5181,7
5182,0
5183,5
5184,0
5185,6
5186,5
5187,1
5188,0
5189,1
5190,6
5191,2
5192,6
5193,6
5194,0
5195,2
5196,0
5197,2
5198,1
5199,5
5200,5
5201,7
5202,6
5203,6
5204,0
5205,2
5206,6
5207,5
5208,6
5209,0
5210,5
5211,5
5212,0
5213,4
5214,5
5215,5
5216,5
5217,5
5218,7
5219,2
5220,0
5221,2
5222,5
5223,0
5224,0
5225,7
5226,0
5227,1
5228,6
5229,2
5230,6
5231,4
5232,6
5233,2
5234,6
5235,2
5236,6
5237,6
5238,1
5239,2
5240,2
5241,2
5242,1
5243,6
5244,2
5245,6
5246,7
5247,2
5248,6
5249,2
5250,1
5251,7
5252,6
5253,7
5254,2
5255,2
5256,4
5257,4
5258,4
5259,5
5260,0
5261,5
5262,0
5263,5
5264,0
5265,0
5266,5
5267,4
5268,6
5269,0
5270,2
5271,2
5272,2
5273,5
5274,4
5275,4
5276,6
5277,2
5278,6
5279,5
5280,6
5281,6
5282,1
5283,6
5284,2
5285,0
5286,4
5287,6
5288,2
5289,7
5290,2
5291,6
5292,4
5293,2
5294,1
5295,4
5296,5
5297,2
5298,5
5299,5
5300,5
5301,4
5302,2
5303,5
5304,2
5305,2
5306,4
5307,0
5308,6
5309,2
5310,2
5311,5
5312,6
5313,5
5314,5
5315,2
5316,4
5317,4
5318,5
5319,0
5320,0
5321,1
5322,1
5323,5
5324,6
5325,5
5326,5
5327,5
5328,6
5329,2
5330,6
5331,7
5332,5
5333,5
5334,5
5335,5
5336,2
5337,5
5338,2
5339,0
5340,4
5341,5
5342,6
5343,5
5344,3
5345,5
5346,1
5347,1
5348,4
5349,5
5350,0
5351,0
5352,6
5353,6
5354,0
5355,0
5356,1
5357,5
5358,4
5359,5
5360,5
5361,5
5362,6
5363,4
5364,6
5365,1
5366,6
5367,0
5368,4
5369,3
5370,5
5371,1
5372,5
5373,1
5374,5
5375,5
5376,6
5377,5
5378,6
5379,4
5380,2
5381,4
5382,2
5383,2
5384,6
5385,5
5386,1
5387,1
5388,2
5389,7
5390,1
5391,1
5392,1
5393,6
5394,6
5395,4
5396,5
5397,1
5398,6
5399,3
5400,1
5401,6
5402,5
5403,5
5404,5
5405,1
5406,2
5407,5
5408,2
5409,6
5410,4
5411,1
5412,6
5413,6
5414,2
5415,2
5416,2
5417,6
5418,1
5419,2
5420,2
5421,1
5422,2
5423,2
5424,2
5425,2
5426,4
5427,6
5428,2
5429,0
5430,7
5431,1
5432,7
5433,1
5434,6
5435,4
5436,6
5437,1
5438,6
5439,5
5440,0
5441,1
5442,0
5443,6
5444,2
5445,6
5446,1
5447,1
5448,1
5449,6
5450,7
5451,6
5452,2
5453,0
5454,0
5455,6
5456,1
5457,6
5458,2
5459,6
5460,1
5461,2
5462,4
5463,2
5464,6
5465,4
5466,2
5467,1
5468,2
5469,1
5470,6
5471,1
5472,7
5473,1
5474,6
5475,1
5476,1
5477,1
5478,1
5479,6
5480,1
5481,1
5482,2
5483,1
5484,1
5485,1
5486,6
5487,0
5488,2
5489,1
5490,1
5491,1
5492,1
5493,1
5494,2
5495,1
5496,1
5497,2
5498,7
5499,2
5500,1
5501,1
5502,7
5503,0
5504,0
5505,0
5506,0
5507,1
5508,1
5509,2
5510,6
5511,6
5512,2
5513,1
5514,4
5515,6
5516,0
5517,4
5518,3
5519,6
5520,6
5521,1
5522,1
5523,1
5524,1
5525,2
5526,2
5527,6
5528,1
5529,2
5530,4
5531,4
5532,6
5533,4
5534,6
5535,1
5536,1
5537,6
5538,6
5539,1
5540,1
5541,1
5542,1
5543,6
5544,1
5545,1
5546,2
5547,6
5548,4
5549,2
5550,6
5551,1
5552,2
5553,7
5554,1
5555,2
5556,1
5557,1
5558,5
5559,6
5560,2
5561,2
5562,2
5563,6
5564,1
5565,2
5566,0
5567,7
5568,2
5569,2
5570,4
5571,6
5572,1
5573,6
5574,6
5575,2
5576,2
5577,6
5578,4
5579,1
5580,6
5581,4
5582,1
5583,2
5584,1
5585,7
5586,4
5587,2
5588,2
5589,1
5590,2
5591,6
5592,6
5593,4
5594,2
5595,4
5596,6
5597,2
5598,4
5599,2
5600,5
5601,1
5602,2
5603,7
5604,4
5605,5
5606,1
5607,2
5608,5
5609,2
5610,1
5611,7
5612,2
5613,2
5614,6
5615,0
5616,2
5617,1
5618,2
5619,6
5620,4
5621,4
5622,1
5623,7
5624,6
5625,6
5626,1
5627,0
5628,4
5629,1
5630,5
5631,0
5632,2
5633,4
5634,1
5635,6
5636,2
5637,5
5638,7
5639,1
5640,1
5641,6
5642,2
5643,6
5644,4
5645,6
5646,6
5647,6
5648,6
5649,0
5650,0
5651,2
5652,0
5653,2
5654,0
5655,5
5656,1
5657,7
5658,0
5659,1
5660,2
5661,2
5662,6
5663,2
5664,2
5665,5
5666,4
5667,6
5668,7
5669,1
5670,6
5671,5
5672,1
5673,0
5674,1
5675,6
5676,2
5677,4
5678,4
5679,2
5680,6
5681,0
5682,1
5683,2
5684,4
5685,7
5686,7
5687,4
5688,6
5689,4
5690,2
5691,1
5692,6
5693,1
5694,2
5695,6
5696,2
5697,2
5698,1
5699,2
5700,7
5701,7
5702,2
5703,4
5704,7
5705,4
5706,1
5707,5
5708,2
5709,1
5710,1
5711,6
5712,5
5713,0
5714,7
5715,5
5716,0
5717,7
5718,2
5719,1
5720,2
5721,2
5722,5
5723,2
5724,1
5725,2
5726,1
5727,1
5728,5
5729,5
5730,2
5731,2
5732,1
5733,1
5734,2
5735,1
5736,5
5737,7
5738,0
5739,1
5740,6
5741,6
5742,2
5743,6
5744,4
5745,2
5746,6
5747,1
5748,7
5749,2
5750,6
5751,1
5752,0
5753,6
5754,2
5755,1
5756,1
5757,1
5758,7
5759,1
5760,1
5761,1
5762,6
5763,7
5764,6
5765,1
5766,2
5767,4
5768,1
5769,4
5770,2
5771,4
5772,4
5773,1
5774,1
5775,6
5776,4
5777,0
5778,0
5779,5
5780,0
5781,0
5782,1
5783,5
5784,1
5785,6
5786,0
5787,1
5788,1
5789,5
5790,2
5791,1
5792,2
5793,1
5794,0
5795,6
5796,1
5797,2
5798,0
5799,6
5800,0
5801,0
5802,2
5803,0
5804,2
5805,1
5806,2
5807,5
5808,0
5809,2
5810,6
5811,2
5812,0
5813,1
5814,2
5815,1
5816,7
5817,2
5818,1
5819,0
5820,5
5821,1
5822,1
5823,1
5824,0
5825,1
5826,0
5827,1
5828,1
5829,7
5830,5
5831,7
5832,7
5833,7
5834,1
5835,6
5836,6
5837,6
5838,1
5839,1
5840,0
5841,1
5842,0
5843,1
5844,0
5845,0
5846,7
5847,6
5848,1
5849,1
5850,1
5851,1
5852,4
5853,6
5854,1
5855,4
5856,1
5857,6
5858,1
5859,1
5860,2
5861,5
5862,1
5863,2
5864,1
5865,1
5866,7
5867,6
5868,0
5869,6
5870,4
5871,4
5872,4
5873,6
5874,2
5875,0
5876,1
5877,1
5878,5
5879,0
5880,5
5881,1
5882,1
5883,0
5884,2
5885,0
5886,1
5887,2
5888,1
5889,5
5890,5
5891,6
5892,2
5893,1
5894,1
5895,5
5896,2
5897,1
5898,1
5899,2
5900,6
5901,6
5902,2
5903,6
5904,6
5905,7
5906,0
5907,0
5908,1
5909,1
5910,5
5911,2
5912,2
5913,5
5914,0
5915,6
5916,6
5917,2
5918,6
5919,4
5920,2
5921,6
5922,4
5923,4
5924,7
5925,4
5926,2
5927,1
5928,2
5929,4
5930,4
5931,6
5932,4
5933,2
5934,6
5935,4
5936,4
5937,6
5938,2
5939,1
5940,0
5941,0
5942,5
5943,0
5944,5
5945,2
5946,6
5947,7
5948,6
5949,6
5950,1
5951,2
5952,1
5953,2
5954,4
5955,2
5956,6
5957,4
5958,2
5959,4
5960,4
5961,4
5962,6
5963,4
5964,6
5965,4
5966,6
5967,0
5968,2
5969,4
5970,4
5971,4
5972,2
5973,5
5974,2
5975,5
5976,6
5977,1
5978,4
5979,4
5980,2
5981,6
5982,4
5983,6
5984,6
5985,4
5986,6
5987,4
5988,4
5989,6
5990,6
5991,4
5992,4
5993,4
5994,4
5995,6
5996,5
5997,0
5998,0
5999,0
6000,5
6001,2
6002,1
6003,6
6004,2
6005,1
6006,2
6007,7
6008,2
6009,4
6010,2
6011,4
6012,6
6013,1
6014,7
6015,0
6016,1
6017,6
6018,6
6019,6
6020,4
6021,6
6022,2
6023,4
6024,6
6025,4
6026,6
6027,6
6028,2
6029,1
6030,6
6031,6
6032,6
6033,6
6034,4
6035,6
6036,6
6037,6
6038,1
6039,6
6040,1
6041,1
6042,2
6043,1
6044,4
6045,1
6046,1
6047,4
6048,2
6049,1
6050,2
6051,0
6052,0
6053,4
6054,1
6055,1
6056,1
6057,2
6058,7
6059,6
6060,6
6061,2
6062,7
6063,4
6064,2
6065,1
6066,1
6067,4
6068,4
6069,6
6070,6
6071,0
6072,1
6073,6
6074,2
6075,6
6076,6
6077,4
6078,2
6079,2
6080,4
6081,1
6082,4
6083,5
6084,2
6085,2
6086,4
6087,5
6088,1
6089,0
6090,0
6091,0
6092,6
6093,7
6094,0
6095,2
6096,1
6097,4
6098,4
6099,1
6100,1
6101,6
6102,4
6103,2
6104,4
6105,2
6106,2
6107,4
6108,4
6109,2
6110,5
6111,2
6112,4
6113,4
6114,4
6115,6
6116,4
6117,2
6118,6
6119,4
6120,4
6121,4
6122,4
6123,4
6124,4
6125,4
6126,4
6127,6
6128,4
6129,4
6130,4
6131,6
6132,4
6133,6
6134,0
6135,5
6136,0
6137,1
6138,7
6139,4
6140,0
6141,2
6142,6
6143,6
6144,6
6145,6
6146,4
6147,6
6148,4
6149,4
6150,4
6151,6
6152,4
6153,7
6154,4
6155,4
6156,4
6157,1
6158,5
6159,6
6160,7
6161,4
6162,4
6163,2
6164,6
6165,6
6166,6
6167,4
6168,4
6169,4
6170,6
6171,4
6172,4
6173,2
6174,2
6175,4
6176,4
6177,4
6178,4
6179,6
6180,6
6181,4
6182,4
6183,4
6184,4
6185,6
6186,1
6187,0
6188,0
6189,2
6190,1
6191,7
6192,1
6193,6
6194,1
6195,1
6196,4
6197,1
6198,1
6199,5
6200,5
6201,4
6202,1
6203,2
6204,7
6205,2
6206,6
6207,6
6208,6
6209,4
6210,6
6211,5
6212,1
6213,1
6214,5
6215,6
6216,1
6217,1
6218,4
6219,6
6220,2
6221,6
6222,2
6223,4
6224,2
6225,7
6226,2
6227,1
6228,7
6229,2
6230,7
6231,1
6232,6
6233,6
6234,6
6235,6
6236,1
6237,1
6238,1
6239,6
6240,4
6241,6
6242,1
6243,1
6244,1
6245,1
6246,2
6247,1
6248,0
6249,7
6250,1
6251,1
6252,1
6253,1
6254,6
6255,1
6256,1
6257,1
6258,6
6259,1
6260,1
6261,1
6262,1
6263,2
6264,1
6265,1
6266,2
6267,6
6268,1
6269,6
6270,1
6271,5
6272,2
6273,1
6274,4
6275,6
6276,1
6277,4
6278,1
6279,4
6280,4
6281,1
6282,1
6283,2
6284,6
6285,6
6286,4
6287,1
6288,6
6289,4
6290,6
6291,2
6292,0
6293,1
6294,0
6295,5
6296,0
6297,1
6298,6
6299,1
6300,1
6301,4
6302,1
6303,0
6304,1
6305,1
6306,4
6307,1
6308,1
6309,2
6310,1
6311,6
6312,1
6313,2
6314,0
6315,1
6316,0
6317,2
6318,6
6319,1
6320,1
6321,1
6322,1
6323,1
6324,2
6325,1
6326,4
6327,1
6328,4
6329,4
6330,6
6331,2
6332,1
6333,6
6334,2
6335,6
6336,1
6337,7
6338,6
6339,2
6340,1
6341,0
6342,2
6343,1
6344,1
6345,2
6346,1
6347,1
6348,2
6349,1
6350,2
6351,1
6352,2
6353,6
6354,1
6355,4
6356,7
6357,1
6358,1
6359,6
6360,1
6361,4
6362,1
6363,4
6364,2
6365,1
6366,0
6367,4
6368,6
6369,4
6370,4
6371,4
6372,1
6373,6
6374,1
6375,0
6376,1
6377,0
6378,1
6379,5
6380,1
6381,2
6382,1
6383,2
6384,6
6385,1
6386,0
6387,2
6388,6
6389,1
6390,7
6391,1
6392,1
6393,1
6394,1
6395,5
6396,1
6397,1
6398,1
6399,1
6400,1
6401,1
6402,6
6403,1
6404,1
6405,2
6406,2
6407,7
6408,0
6409,6
6410,1
6411,7
6412,7
6413,5
6414,1
6415,0
6416,1
6417,1
6418,6
6419,1
6420,6
6421,1
6422,1
6423,1
6424,6
6425,1
6426,1
6427,1
6428,1
6429,1
6430,1
6431,6
6432,4
6433,2
6434,6
6435,1
6436,7
6437,2
6438,2
6439,6
6440,1
6441,4
6442,1
6443,0
6444,0
6445,1
6446,6
6447,2
6448,1
6449,2
6450,1
6451,4
6452,1
6453,1
6454,1
6455,2
6456,1
6457,1
6458,1
6459,0
6460,6
6461,4
6462,6
6463,1
6464,6
6465,4
6466,6
6467,0
6468,2
6469,2
6470,4
6471,4
6472,4
6473,4
6474,2
6475,4
6476,4
6477,4
6478,2
6479,6
6480,4
6481,5
6482,0
6483,5
6484,6
6485,2
6486,1
6487,1
6488,2
6489,4
6490,2
6491,5
6492,5
6493,6
6494,4
6495,6
6496,4
6497,4
6498,4
6499,2
6500,4
6501,4
6502,4
6503,4
6504,4
6505,6
6506,4
6507,4
6508,4
6509,4
6510,4
6511,6
6512,6
6513,4
6514,0
6515,4
6516,4
6517,6
6518,2
6519,6
6520,0
6521,4
6522,0
6523,4
6524,4
6525,4
6526,4
6527,2
6528,4
6529,6
6530,2
6531,4
6532,6
6533,0
6534,4
6535,4
6536,4
6537,6
6538,1
6539,4
6540,4
6541,0
6542,4
6543,6
6544,4
6545,6
6546,0
6547,2
6548,5
6549,1
6550,4
6551,4
6552,2
6553,2
6554,4
6555,2
6556,6
6557,4
6558,6
6559,6
6560,6
6561,4
6562,1
6563,7
6564,2
6565,0
6566,6
6567,6
6568,6
6569,4
6570,6
6571,1
6572,1
6573,4
6574,2
6575,7
6576,2
6577,1
6578,4
6579,4
6580,2
6581,1
6582,1
6583,1
6584,1
6585,6
6586,1
6587,6
6588,1
6589,4
6590,6
6591,6
6592,6
6593,4
6594,4
6595,6
6596,4
6597,1
6598,6
6599,2
6600,4
6601,4
6602,0
6603,2
6604,6
6605,4
6606,1
6607,1
6608,6
6609,2
6610,6
6611,6
6612,6
6613,1
6614,4
6615,2
6616,6
6617,1
6618,7
6619,1
6620,7
6621,1
6622,1
6623,6
6624,6
6625,6
6626,6
6627,6
6628,4
6629,1
6630,1
6631,0
6632,7
6633,2
6634,1
6635,2
6636,4
6637,2
6638,1
6639,4
6640,1
6641,6
6642,1
6643,2
6644,6
6645,4
6646,6
6647,4
6648,4
6649,6
6650,6
6651,4
6652,6
6653,6
6654,4
6655,2
6656,4
6657,1
6658,4
6659,2
6660,6
6661,2
6662,2
6663,6
6664,0
6665,2
6666,2
6667,4
6668,1
6669,6
6670,2
6671,2
6672,2
6673,4
6674,2
6675,4
6676,4
6677,2
6678,4
6679,1
6680,7
6681,6
6682,2
6683,2
6684,1
6685,2
6686,1
6687,6
6688,1
6689,2
6690,2
6691,6
6692,1
6693,4
6694,2
6695,1
6696,4
6697,2
6698,2
6699,4
6700,2
6701,4
6702,4
6703,6
6704,4
6705,4
6706,4
6707,1
6708,4
6709,1
6710,6
6711,2
6712,4
6713,1
6714,1
6715,1
6716,2
6717,4
6718,1
6719,2
6720,4
6721,2
6722,1
6723,1
6724,1
6725,1
6726,2
6727,4
6728,4
6729,1
6730,1
6731,1
6732,2
6733,7
6734,2
6735,1
6736,1
6737,7
6738,2
6739,0
6740,2
6741,7
6742,7
6743,0
6744,4
6745,7
6746,2
6747,1
6748,6
6749,1
6750,6
6751,6
6752,6
6753,6
6754,6
6755,0
6756,2
6757,4
6758,0
6759,0
6760,1
6761,1
6762,0
6763,4
6764,1
6765,2
6766,0
6767,4
6768,2
6769,4
6770,7
6771,7
6772,4
6773,6
6774,4
6775,1
6776,6
6777,7
6778,2
6779,2
6780,4
6781,2
6782,1
6783,6
6784,0
6785,1
6786,2
6787,2
6788,1
6789,2
6790,1
6791,4
6792,2
6793,0
6794,6
6795,1
6796,0
6797,4
6798,4
6799,2
6800,1
6801,1
6802,4
6803,2
6804,6
6805,0
6806,0
6807,0
6808,1
6809,4
6810,7
6811,1
6812,1
6813,4
6814,2
6815,0
6816,0
6817,0
6818,2
6819,6
6820,6
6821,4
6822,6
6823,6
6824,6
6825,6
6826,2
6827,6
6828,6
6829,7
6830,0
6831,1
6832,4
6833,6
6834,2
6835,1
6836,6
6837,2
6838,4
6839,6
6840,6
6841,0
6842,7
6843,0
6844,7
6845,2
6846,6
6847,6
6848,0
6849,2
6850,7
6851,2
6852,0
6853,2
6854,0
6855,7
6856,1
6857,4
6858,4
6859,6
6860,2
6861,0
6862,2
6863,6
6864,1
6865,2
6866,1
6867,1
6868,2
6869,7
6870,2
6871,1
6872,1
6873,2
6874,7
6875,0
6876,1
6877,6
6878,6
6879,1
6880,1
6881,6
6882,6
6883,0
6884,0
6885,0
6886,1
6887,1
6888,1
6889,1
6890,6
6891,6
6892,4
6893,1
6894,1
6895,2
6896,6
6897,6
6898,4
6899,1
6900,2
6901,4
6902,2
6903,4
6904,2
6905,4
6906,1
6907,6
6908,0
6909,1
6910,6
6911,6
6912,6
6913,6
6914,6
6915,4
6916,6
6917,4
6918,4
6919,6
6920,5
6921,1
6922,1
6923,2
6924,1
6925,6
6926,1
6927,2
6928,6
6929,2
6930,2
6931,1
6932,4
6933,4
6934,4
6935,6
6936,4
6937,4
6938,4
6939,0
6940,4
6941,2
6942,2
6943,4
6944,2
6945,2
6946,4
6947,2
6948,2
6949,6
6950,2
6951,4
6952,4
6953,2
6954,2
6955,4
6956,4
6957,4
6958,4
6959,6
6960,1
6961,4
6962,4
6963,4
6964,4
6965,4
6966,4
6967,4
6968,4
6969,4
6970,2
6971,4
6972,6
6973,6
6974,6
6975,4
6976,6
6977,4
6978,4
6979,4
6980,4
6981,4
6982,4
6983,4
6984,4
6985,6
6986,0
6987,2
6988,2
6989,4
6990,4
6991,2
6992,2
6993,4
6994,6
6995,6
6996,6
6997,5
6998,4
6999,1
7000,6
7001,2
7002,2
7003,1
7004,4
7005,2
7006,6
7007,2
7008,1
7009,2
7010,2
7011,6
7012,4
7013,2
7014,4
7015,6
7016,4
7017,4
7018,4
7019,6
7020,6
7021,2
7022,4
7023,4
7024,4
7025,4
7026,6
7027,6
7028,2
7029,1
7030,1
7031,4
7032,2
7033,4
7034,2
7035,6
7036,4
7037,4
7038,4
7039,0
7040,6
7041,2
7042,6
7043,2
7044,1
7045,6
7046,6
7047,4
7048,6
7049,1
7050,0
7051,6
7052,6
7053,6
7054,2
7055,7
7056,4
7057,6
7058,2
7059,6
7060,6
7061,2
7062,1
7063,2
7064,4
7065,2
7066,0
7067,2
7068,2
7069,7
7070,2
7071,1
7072,4
7073,4
7074,6
7075,0
7076,6
7077,3
7078,6
7079,6
7080,6
7081,1
7082,1
7083,6
7084,1
7085,1
7086,0
7087,6
7088,6
7089,1
7090,4
7091,2
7092,1
7093,1
7094,4
7095,6
7096,6
7097,6
7098,0
7099,2
7100,7
7101,1
7102,6
7103,1
7104,6
7105,4
7106,0
7107,4
7108,5
7109,6
7110,7
7111,6
7112,1
7113,6
7114,1
7115,4
7116,1
7117,1
7118,6
7119,6
7120,6
7121,6
7122,1
7123,1
7124,6
7125,1
7126,0
7127,1
7128,6
7129,6
7130,4
7131,6
7132,6
7133,0
7134,4
7135,7
7136,7
7137,1
7138,4
7139,1
7140,2
7141,1
7142,2
7143,1
7144,1
7145,7
7146,1
7147,1
7148,6
7149,1
7150,6
7151,1
7152,0
7153,5
7154,1
7155,2
7156,0
7157,1
7158,2
7159,2
7160,0
7161,1
7162,1
7163,1
7164,4
7165,3
7166,1
7167,1
7168,4
7169,2
7170,4
7171,1
7172,1
7173,1
7174,0
7175,2
7176,4
7177,0
7178,0
7179,1
7180,7
7181,1
7182,1
7183,2
7184,6
7185,0
7186,5
7187,6
7188,1
7189,1
7190,6
7191,1
7192,1
7193,1
7194,1
7195,6
7196,1
7197,1
7198,6
7199,6
7200,1
7201,6
7202,0
7203,0
7204,1
7205,0
7206,1
7207,0
7208,1
7209,1
7210,7
7211,1
7212,7
7213,1
7214,0
7215,1
7216,1
7217,1
7218,1
7219,1
7220,6
7221,1
7222,1
7223,4
7224,6
7225,1
7226,1
7227,4
7228,2
7229,1
7230,0
7231,6
7232,1
7233,2
7234,1
7235,4
7236,2
7237,0
7238,0
7239,1
7240,0
7241,4
7242,6
7243,4
7244,1
7245,6
7246,6
7247,1
7248,1
7249,0
7250,6
7251,1
7252,1
7253,6
7254,6
7255,1
7256,1
7257,2
7258,6
7259,1
7260,4
7261,2
7262,6
7263,6
7264,4
7265,1
7266,5
7267,1
7268,2
7269,1
7270,4
7271,2
7272,6
7273,6
7274,4
7275,0
7276,7
7277,6
7278,0
7279,2
7280,1
7281,2
7282,2
7283,0
7284,0
7285,2
7286,1
7287,2
7288,1
7289,1
7290,1
7291,1
7292,2
7293,4
7294,6
7295,2
7296,1
7297,6
7298,6
7299,4
7300,2
7301,2
7302,2
7303,6
7304,2
7305,1
7306,0
7307,4
7308,4
7309,1
7310,1
7311,4
7312,2
7313,4
7314,6
7315,1
7316,1
7317,1
7318,0
7319,7
7320,1
7321,1
7322,2
7323,4
7324,0
7325,2
7326,4
7327,1
7328,2
7329,2
7330,7
7331,0
7332,1
7333,1
7334,7
7335,2
7336,1
7337,0
7338,1
7339,2
7340,1
7341,0
7342,6
7343,7
7344,4
7345,2
7346,6
7347,3
7348,1
7349,1
7350,4
7351,1
7352,6
7353,7
7354,7
7355,2
7356,1
7357,1
7358,7
7359,1
7360,1
7361,2
7362,1
7363,2
7364,7
7365,2
7366,7
7367,7
7368,2
7369,2
7370,2
7371,1
7372,1
7373,1
7374,1
7375,1
7376,4
7377,2
7378,2
7379,1
7380,0
7381,1
7382,1
7383,7
7384,0
7385,1
7386,7
7387,2
7388,2
7389,0
7390,7
7391,1
7392,1
7393,1
7394,4
7395,6
7396,6
7397,0
7398,0
7399,2
7400,0
7401,6
7402,1
7403,6
7404,6
7405,1
7406,4
7407,1
7408,6
7409,1
7410,1
7411,6
7412,2
7413,2
7414,2
7415,1
7416,1
7417,4
7418,1
7419,1
7420,6
7421,4
7422,2
7423,2
7424,1
7425,2
7426,4
7427,1
7428,1
